Bases	Contigs	Depth	N50
347421	36	0.06	270451
498327	35	0.09	270451
737655	34	0.13	297265
875705	33	0.16	297265
1104910	33	0.20	297265
1104910	33	0.20	297265
1373895	32	0.25	378162
1439006	31	0.26	378162
1572304	30	0.29	434071
1744391	30	0.32	434071
1893564	29	0.35	434071
1961334	29	0.36	434071
2107721	29	0.38	434071
2360387	28	0.43	434071
2415379	28	0.44	434071
2608938	28	0.48	434071
2778743	26	0.51	455654
2913630	26	0.53	455654
2968349	26	0.54	455654
3097925	26	0.57	455654
3370649	26	0.62	455654
3420938	26	0.62	455654
3527536	26	0.64	455654
3626543	26	0.66	455654
3939907	25	0.72	549233
4062274	24	0.74	549233
4208897	24	0.77	549233
4410282	24	0.80	549233
4603540	23	0.84	622966
4636841	23	0.85	622966
4829942	22	0.88	622966
4910589	22	0.90	622966
4987539	22	0.91	622966
5246888	22	0.96	622966
5326815	22	0.97	622966
5459845	22	1.00	622966
5672494	22	1.04	622966
5853525	21	1.07	622966
5913836	20	1.08	622966
6093137	19	1.11	622966
6167485	19	1.13	622966
6258423	19	1.14	622966
6291088	19	1.15	622966
6418462	19	1.17	622966
6627828	18	1.21	622966
6741549	17	1.23	815020
6907377	17	1.26	815020
7060424	17	1.29	815020
7158082	16	1.31	1053548
7366576	14	1.34	1053548
7535683	14	1.38	1053548
7638456	13	1.39	1053548
7727859	13	1.41	1053548
7903028	12	1.44	1053548
7951395	12	1.45	1053548
8119317	12	1.48	1053548
8211173	12	1.50	1053548
8385048	12	1.53	1053548
8451501	12	1.54	1053548
8601855	12	1.57	1053548
8860884	11	1.62	1053548
8888751	11	1.62	1053548
9064814	11	1.65	1053548
9301903	11	1.70	1053548
9470980	11	1.73	1053548
9656933	11	1.76	1053548
9812423	11	1.79	1053548
9833691	11	1.79	1053548
9998319	10	1.82	1053548
10191414	10	1.86	1053548
10299436	10	1.88	1053548
10387007	10	1.90	1053548
10445026	10	1.91	1053548
10578407	10	1.93	1053548
10671403	10	1.95	1053548
10739163	10	1.96	1053548
10917702	10	1.99	1053548
11114283	10	2.03	1053548
11263359	10	2.06	1053548
11351289	10	2.07	1053548
11400844	10	2.08	1053548
11488602	10	2.10	1053548
11616816	10	2.12	1053548
11760139	10	2.15	1053548
11953517	10	2.18	1053548
12001944	10	2.19	1053548
12265481	9	2.24	1053548
12369462	9	2.26	1053548
12523950	9	2.29	1053548
12732051	9	2.32	1053548
12817959	9	2.34	1053548
12896981	9	2.35	1053548
13023756	9	2.38	1053548
13129544	9	2.40	1053548
13309521	9	2.43	1053548
13342700	9	2.43	1068589
13512453	9	2.47	1944013
13671179	9	2.49	1944013
13754121	9	2.51	1944013
13839287	9	2.53	1944013
13979030	9	2.55	1944013
14228792	9	2.60	1944013
14360901	9	2.62	1944013
14449078	9	2.64	1944013
14534361	9	2.65	1944013
14826133	8	2.71	4435399
14941481	8	2.73	4435399
15102130	8	2.76	4435399
15150618	8	2.76	4435399
15328664	8	2.80	4435399
15483347	8	2.83	4435399
15587050	8	2.84	4435399
15736657	8	2.87	4435399
15757848	8	2.88	4435399
15942203	8	2.91	4435399
15996488	8	2.92	4435399
16058551	8	2.93	4435399
16179787	8	2.95	4435399
16401352	8	2.99	4435399
16401352	8	2.99	4435399
16450855	8	3.00	4435399
16565285	8	3.02	4435399
16768142	8	3.06	4435399
16938814	8	3.09	4435399
16938814	8	3.09	4435399
17028597	8	3.11	4435399
17088658	8	3.12	4435399
17280768	8	3.15	4435399
17296059	8	3.16	4435399
17524533	8	3.20	4435399
17552537	8	3.20	4435399
17657765	8	3.22	4435399
17734303	8	3.24	4435399
17876676	8	3.26	4435399
18017703	8	3.29	4435399
18171320	8	3.32	4435399
18194105	8	3.32	4435399
18242090	8	3.33	4435399
18417017	8	3.36	4435399
18568379	8	3.39	4435399
18640893	8	3.40	4435399
18752097	8	3.42	4435399
18784972	8	3.43	4435399
18971035	8	3.46	4435399
19077247	8	3.48	4435399
19157855	8	3.50	4435399
19307286	8	3.52	4435399
19538607	8	3.57	4435399
19671542	8	3.59	4435399
19694805	8	3.59	4435399
19790637	8	3.61	4435399
20077010	8	3.66	4435399
20309230	7	3.71	5249132
20454798	7	3.73	5249132
20524441	7	3.75	5249132
20657748	7	3.77	5249132
20846107	7	3.80	5249132
20846107	7	3.80	5249132
20871460	7	3.81	5249132
21062333	7	3.84	3559975
21231733	7	3.87	5249132
21365042	7	3.90	5249132
21412395	7	3.91	5249132
21579348	7	3.94	5249132
21691412	7	3.96	5249132
21831033	7	3.98	5249132
21920869	7	4.00	5249132
22010308	7	4.02	5249132
22191891	7	4.05	5249132
22352774	7	4.08	5249132
22518652	7	4.11	5249132
22647133	7	4.13	5249132
22746507	7	4.15	5249132
22746507	7	4.15	5249132
22885727	7	4.18	5249132
23033616	7	4.20	5249132
23107479	7	4.22	5249132
23318334	7	4.26	5249132
23405651	7	4.27	5249132
23537734	7	4.30	5249132
23537734	7	4.30	5249132
23764444	7	4.34	5249132
23764444	7	4.34	5249132
23980541	7	4.38	5249132
24178710	7	4.41	5249137
24223086	7	4.42	5249137
24360834	7	4.45	5249137
24438175	7	4.46	5249137
24528314	7	4.48	5249137
24599923	7	4.49	5249137
24647665	7	4.50	5249137
24699575	7	4.51	5249137
24910220	7	4.55	5249137
25013763	7	4.56	5249137
25094951	7	4.58	5249137
25290768	7	4.62	5249137
25394662	7	4.63	5250804
25430814	7	4.64	5250804
25688888	7	4.69	5250804
25792826	7	4.71	5250804
25891595	7	4.72	5250804
26085911	7	4.76	5250804
26129756	7	4.77	5250804
26266567	7	4.79	5250804
26411307	7	4.82	5250825
26569772	7	4.85	5250825
26639016	7	4.86	5250825
26704460	7	4.87	5250825
26844695	7	4.90	5250825
26955613	7	4.92	5250825
26955613	7	4.92	5250825
27222127	7	4.97	5250825
27311265	7	4.98	5250837
27594629	7	5.04	5250837
27660489	7	5.05	5250837
27703403	7	5.06	5250837
27866377	7	5.09	5250837
27967861	7	5.10	5250837
28000231	7	5.11	5250837
28262270	7	5.16	5250837
28262270	7	5.16	5250837
28353584	7	5.17	5250837
28472651	7	5.20	5250837
28603433	7	5.22	5250837
28751933	7	5.25	5250837
28834904	7	5.26	5250837
28834904	7	5.26	5250837
28874903	7	5.27	5250837
29079990	7	5.31	5250837
29184780	7	5.33	5250837
29222159	7	5.33	5250837
29279760	7	5.34	5250837
29551175	7	5.39	5250837
29611259	7	5.40	5250837
29812310	7	5.44	5250837
29991044	7	5.47	5250837
30063211	7	5.49	5250837
30177916	7	5.51	5250837
30245242	7	5.52	5258107
30256333	7	5.52	5258107
30548695	7	5.57	5258107
30702609	7	5.60	5258107
30872373	7	5.63	5258107
31026963	7	5.66	5258107
31253669	7	5.70	5258107
31364472	8	5.72	5258107
31396572	8	5.73	5258107
31489828	8	5.75	5258107
31585525	8	5.76	5258107
31616562	8	5.77	5258107
31809065	8	5.80	5258107
31912276	8	5.82	5258107
32066987	8	5.85	5258107
32174133	8	5.87	5258107
32196404	8	5.88	5258107
32380137	8	5.91	5258107
32496588	8	5.93	5258107
32687380	8	5.96	5258107
32867724	8	6.00	5258107
32938195	8	6.01	5258107
33160885	8	6.05	5258107
33266808	8	6.07	5258107
33307294	8	6.08	5258107
33354539	8	6.09	5258107
33504542	8	6.11	5258107
33651304	8	6.14	5258107
33747948	8	6.16	5258107
33781842	8	6.16	5258107
33942210	8	6.19	5258107
34081104	8	6.22	5258107
34248407	8	6.25	5258107
34345812	8	6.27	5258107
34345812	8	6.27	5258107
34442766	8	6.29	5258107
34451467	8	6.29	5258107
34528948	8	6.30	5258107
34682510	8	6.33	5258107
34751964	8	6.34	5258107
34890026	8	6.37	5258107
35018229	7	6.39	5249645
35129710	7	6.41	5250696
35303698	7	6.44	5250696
35391136	7	6.46	5250696
35476674	7	6.47	5250696
35628917	7	6.50	5250696
35628917	7	6.50	5250696
35725583	7	6.52	5250696
35835464	7	6.54	5250696
35897698	7	6.55	5250696
35982667	7	6.57	5250696
36128142	7	6.59	5250696
36258108	7	6.62	5250696
36448610	7	6.65	5250696
36526958	7	6.67	5250696
36556825	7	6.67	5250696
36819012	7	6.72	5250696
36885978	7	6.73	5250696
37151705	7	6.78	5250696
37262049	7	6.80	5250681
37433642	7	6.83	5250681
37664111	7	6.87	5250681
37679136	7	6.88	5250681
37900049	7	6.92	5250681
38000645	7	6.93	5250681
38023042	7	6.94	5250681
38063550	7	6.95	5250681
38342599	7	7.00	5250681
38385664	7	7.00	5250681
38554151	7	7.04	5250681
38635795	7	7.05	5250681
38848541	7	7.09	5250681
38864247	7	7.09	5250681
38939782	7	7.11	5250681
38987639	7	7.11	5250681
39113368	7	7.14	5250681
39267679	7	7.17	5250681
39267679	7	7.17	5250681
39458870	7	7.20	5250681
39546109	7	7.22	5250681
39546109	7	7.22	5250681
39752641	7	7.25	5250681
39887021	7	7.28	5250681
40001637	7	7.30	5250681
40090625	7	7.32	5250681
40105648	7	7.32	5250681
40126210	7	7.32	5250681
40278738	7	7.35	5250681
40324302	7	7.36	5250681
40370439	7	7.37	5250681
40580530	7	7.41	5250681
40604058	7	7.41	5250681
40759041	7	7.44	5250681
40794598	7	7.44	5250681
41150916	7	7.51	5250681
41243119	7	7.53	5250681
41293446	7	7.54	5250681
41373864	7	7.55	5250681
41503110	7	7.57	5250681
41576627	7	7.59	5250681
41762987	7	7.62	5250681
41906318	7	7.65	5250681
41992777	7	7.66	5250681
42223824	7	7.71	5250681
42368650	7	7.73	5250681
42448462	7	7.75	5250681
42493717	7	7.75	5250681
42582717	7	7.77	5250681
42799690	7	7.81	5250681
42928240	7	7.83	5250681
43039657	7	7.85	5250681
43268625	7	7.90	5250681
43381954	7	7.92	5250681
43564030	7	7.95	5250681
43592498	7	7.95	5250681
43720679	7	7.98	5250681
43898616	7	8.01	5250681
44005198	7	8.03	5250681
44115991	7	8.05	5250681
44238306	7	8.07	5250681
44391846	7	8.10	5250681
44491012	7	8.12	5250681
44685186	7	8.15	5250681
44711637	7	8.16	5250681
44802144	7	8.18	5250681
44901818	7	8.19	5250681
44977469	7	8.21	5250681
45158759	7	8.24	5250681
45266306	7	8.26	5250681
45493702	7	8.30	5250681
45534347	7	8.31	5250681
45591477	7	8.32	5250681
45873070	7	8.37	5250681
45956074	7	8.39	5250681
46060181	7	8.41	5250681
46227150	7	8.44	5250681
46243668	7	8.44	5250681
46431061	7	8.47	5250681
46492332	7	8.48	5250681
46564172	7	8.50	5250681
46607083	7	8.50	5250681
46866047	7	8.55	5250681
47074158	7	8.59	5250681
47201000	7	8.61	5250681
47297093	7	8.63	5250681
47401294	7	8.65	5250681
47419291	7	8.65	5250681
47576921	7	8.68	5250681
47696243	7	8.70	5250681
47741254	7	8.71	5250681
47949805	7	8.75	5250681
48033564	7	8.77	5250681
48226723	7	8.80	5250681
48240065	7	8.80	5250681
48292803	7	8.81	5250681
48526767	7	8.86	5250681
48698771	7	8.89	5250681
48742241	7	8.89	5250681
48879064	7	8.92	5250681
48991986	7	8.94	5250681
49079098	7	8.96	5250681
49217206	7	8.98	5250681
49370974	7	9.01	5250681
49500994	7	9.03	5250681
49556955	7	9.04	5250681
49651847	7	9.06	5250681
49651847	7	9.06	5250681
49716557	7	9.07	5250681
49893984	7	9.10	5250681
49981191	7	9.12	5250681
50229207	7	9.17	5250681
50350549	7	9.19	5250681
50427542	7	9.20	5250681
50594305	7	9.23	5250681
50683224	7	9.25	5250681
50712989	7	9.25	5250681
50841786	7	9.28	5250681
50884537	7	9.29	5250681
51025928	7	9.31	5250681
51161306	7	9.34	5250681
51205205	7	9.34	5250681
51385031	7	9.38	5250681
51523547	7	9.40	5250681
51547705	7	9.41	5250681
51728075	7	9.44	5250681
51756950	7	9.44	5250681
51932545	7	9.48	5250681
52021822	7	9.49	5250681
52177627	7	9.52	5250681
52210586	7	9.53	5250681
52429697	7	9.57	5250681
52450327	7	9.57	5250681
52603805	7	9.60	5250681
52821534	7	9.64	5250681
52971359	7	9.67	5250681
53039332	7	9.68	5250681
53058870	7	9.68	5250681
53138165	7	9.70	5250681
53250759	7	9.72	5250681
53339371	7	9.73	5250681
53436712	7	9.75	5250681
53644173	7	9.79	5250681
53713264	7	9.80	5250681
53735395	7	9.81	5250681
53829433	7	9.82	5250681
54016995	7	9.86	5250681
54099070	7	9.87	5250681
54201917	7	9.89	5250681
54246089	7	9.90	5250681
54371470	7	9.92	5250681
54437844	7	9.93	5250681
54626703	7	9.97	5250681
54761847	7	9.99	5250681
54789828	7	10.00	5250681
54920068	7	10.02	5250681
55149670	7	10.06	5250681
55207375	7	10.07	5250681
55544266	7	10.14	5250681
55544266	7	10.14	5250681
55649024	7	10.15	5250681
55766882	7	10.18	5250681
55891903	7	10.20	5250681
55915609	7	10.20	5250681
56187077	7	10.25	5250681
56212282	7	10.26	5250681
56417812	7	10.30	5250681
56425924	7	10.30	5250681
56509362	7	10.31	5250681
56586320	7	10.33	5250681
56729007	7	10.35	5250681
56836243	7	10.37	5250681
56873790	7	10.38	5250681
57011373	7	10.40	5250681
57061185	7	10.41	5250681
57068308	7	10.41	5250681
57229021	7	10.44	5250681
57313406	7	10.46	5250681
57356296	7	10.47	5250681
57495972	7	10.49	5250681
57729228	7	10.53	5250681
57835390	7	10.55	5250681
57856603	7	10.56	5250681
58013609	7	10.59	5250681
58091830	7	10.60	5250681
58330440	7	10.64	5250681
58330440	7	10.64	5250681
58382270	7	10.65	5250681
58439559	7	10.66	5250681
58676218	7	10.71	5250681
58759533	7	10.72	5250681
58951081	7	10.76	5250681
58951081	7	10.76	5250681
59076626	7	10.78	5250681
59114577	7	10.79	5250681
59330278	7	10.83	5250681
59355141	7	10.83	5250681
59445830	7	10.85	5250681
59602591	7	10.88	5250681
59739859	7	10.90	5250681
59844454	7	10.92	5250681
60020607	7	10.95	5250681
60146644	7	10.98	5250681
60175364	7	10.98	5250681
60210951	7	10.99	5250681
60353363	7	11.01	5250681
60491871	7	11.04	5250681
60624280	7	11.06	5250681
60708698	7	11.08	5250681
60799420	7	11.09	5250681
60896191	7	11.11	5250681
60902371	7	11.11	5250681
61121454	7	11.15	5250681
61240302	7	11.18	5250681
61416858	7	11.21	5250681
61501404	7	11.22	5250681
61515822	7	11.23	5250681
61671695	7	11.25	5250681
61885345	7	11.29	5250681
61914330	7	11.30	5250681
62103574	7	11.33	5250681
62187917	7	11.35	5250681
62324457	7	11.37	5250681
62438604	7	11.39	5250681
62583153	7	11.42	5250681
62718033	7	11.44	5250681
62784613	7	11.46	5250681
62871575	7	11.47	5250681
63072495	7	11.51	5250681
63246615	7	11.54	5250681
63324023	7	11.56	5250681
63340813	7	11.56	5250681
63534656	7	11.59	5250681
63643161	7	11.61	5250681
63674831	7	11.62	5250681
63694965	7	11.62	5250681
63908325	7	11.66	5250681
64005919	7	11.68	5250681
64039262	7	11.69	5250681
64214548	7	11.72	5250681
64241194	7	11.72	5250681
64484900	7	11.77	5250681
64547071	7	11.78	5250681
64646850	7	11.80	5250681
64802420	7	11.83	5250681
64899240	7	11.84	5250681
65063359	7	11.87	5250681
65226317	7	11.90	5250681
65267653	7	11.91	5250681
65377874	7	11.93	5250681
65547490	7	11.96	5250681
65590641	7	11.97	5250681
65727138	7	11.99	5250681
65757550	7	12.00	5250681
65931752	7	12.03	5250681
65958623	7	12.04	5250681
65990511	7	12.04	5250681
66114093	7	12.06	5250681
66319373	7	12.10	5250681
66389891	7	12.11	5250681
66495370	7	12.13	5250681
66580589	7	12.15	5250681
66677261	7	12.17	5250681
66726177	7	12.18	5250681
66926637	7	12.21	5250681
67060344	7	12.24	5250681
67203836	7	12.26	5250681
67326798	7	12.29	5250681
67490053	7	12.32	5250681
67625637	7	12.34	5250681
67713295	7	12.36	5250681
67798327	7	12.37	5250681
67934397	7	12.40	5250681
67963054	7	12.40	5250681
68030897	7	12.41	5250681
68073943	7	12.42	5250681
68259496	7	12.46	5250681
68432141	7	12.49	5250681
68463839	7	12.49	5258961
68570615	7	12.51	5258961
68725775	7	12.54	5258961
68799284	7	12.55	5258961
68883392	7	12.57	5258961
69220369	7	12.63	5258961
69305358	7	12.65	5258961
69340632	7	12.65	5258961
69414697	7	12.67	5258961
69720437	7	12.72	5258961
69777351	7	12.73	5258961
69912172	7	12.76	5258961
70061757	7	12.78	5258961
70270108	7	12.82	5258961
70379515	7	12.84	5258961
70481826	7	12.86	5258961
70526047	7	12.87	5258961
70578176	7	12.88	5258961
70661512	7	12.89	5258961
70925038	7	12.94	5258961
71159432	7	12.99	5258961
71270314	7	13.01	5258961
71413504	7	13.03	5258961
71439787	7	13.04	5258961
71537300	7	13.05	5258961
71799011	7	13.10	5258961
71950216	7	13.13	5258961
72120773	7	13.16	5258961
72188740	7	13.17	5258961
72344832	7	13.20	5258961
72486012	7	13.23	5258961
72512179	7	13.23	5258961
72653672	7	13.26	5258961
72793509	7	13.28	5258961
72879398	7	13.30	5258961
73065753	7	13.33	5258961
73223651	7	13.36	5258961
73399154	7	13.39	5258961
73485986	7	13.41	5258961
73679156	7	13.45	5258961
73781865	7	13.46	5258961
73965202	7	13.50	5258961
74017981	7	13.51	5258961
74215417	7	13.54	5258961
74264165	7	13.55	5258961
74324858	7	13.56	5258961
74567031	7	13.61	5258961
74669434	7	13.63	5258961
74710760	7	13.63	5258961
74731292	7	13.64	5258961
74816012	7	13.65	5258961
75012851	7	13.69	5258961
75035592	7	13.69	5258961
75234751	7	13.73	5258961
75367831	7	13.75	5258961
75367831	7	13.75	5258961
75494181	7	13.78	5258961
75627468	7	13.80	5258961
75727149	7	13.82	5258961
75794150	7	13.83	5258961
75990378	7	13.87	5258961
76025643	7	13.87	5258961
76082216	7	13.88	5258961
76273784	7	13.92	5258961
76342190	7	13.93	5258961
76458166	7	13.95	5258961
76545816	7	13.97	5258961
76703391	7	14.00	5258961
76765828	7	14.01	5258961
76797802	7	14.01	5258961
76843581	7	14.02	5258961
77099524	7	14.07	5258961
77143673	7	14.08	5258961
77172298	7	14.08	5258961
77255190	7	14.10	5258961
77352476	7	14.12	5258961
77391322	7	14.12	5258961
77467680	7	14.14	5258961
77607977	7	14.16	5258961
77741962	7	14.19	5258961
77888204	7	14.21	5258961
77920173	7	14.22	5258961
78084048	7	14.25	5258961
78180361	7	14.27	5258961
78262522	7	14.28	5258961
78488629	7	14.32	5258961
78577858	7	14.34	5258961
78676440	7	14.36	5258961
78818745	7	14.38	5258961
78927981	7	14.40	5258961
79010266	7	14.42	5258961
79155544	7	14.44	5258961
79260340	7	14.46	5258961
79386859	7	14.49	5258961
79413236	7	14.49	5258961
79507290	7	14.51	5258961
79597630	7	14.53	5258961
79610116	7	14.53	5258961
79797472	7	14.56	5258961
79951876	7	14.59	5258961
80011993	7	14.60	5258961
80198875	7	14.63	5258961
80293272	7	14.65	5258961
80461576	7	14.68	5258961
80588656	7	14.71	5258961
80672727	7	14.72	5258961
80714203	7	14.73	5258961
80834747	7	14.75	5258961
81010124	7	14.78	5258961
81144253	7	14.81	5258961
81195293	7	14.82	5258961
81273458	7	14.83	5258961
81475726	7	14.87	5258961
81612340	7	14.89	5258961
81612340	7	14.89	5258961
81754021	7	14.92	5258961
81915188	7	14.95	5258961
82032069	7	14.97	5258961
82135280	7	14.99	5258961
82401854	7	15.04	5258961
82512230	7	15.06	5258961
82606716	7	15.07	5258961
82652648	7	15.08	5258961
82719107	7	15.09	5258961
82804555	7	15.11	5258961
82850420	7	15.12	5258961
82936968	7	15.13	5258961
83091813	7	15.16	5258961
83222167	7	15.19	5258961
83287305	7	15.20	5258961
83482027	7	15.23	5258961
83510826	7	15.24	5258961
83619483	7	15.26	5258961
83693303	7	15.27	5258961
83833382	7	15.30	5258961
84030149	7	15.33	5258961
84043530	7	15.34	5258961
84207485	7	15.37	5258961
84210487	7	15.37	5258961
84429572	7	15.41	5258961
84591975	7	15.44	5258961
84610774	7	15.44	5258961
84652472	7	15.45	5258961
84786299	7	15.47	5258961
84884213	7	15.49	5258961
85125276	7	15.53	5258961
85192197	7	15.55	5258961
85311786	7	15.57	5258961
85454433	7	15.59	5258961
85522079	7	15.61	5258961
85599974	7	15.62	5258961
85715343	7	15.64	5258961
85820753	7	15.66	5258961
85954596	7	15.69	5258961
86060911	7	15.70	5258961
86239385	7	15.74	5258961
86395699	7	15.77	5258961
86540419	7	15.79	5258961
86696708	7	15.82	5258961
86856287	7	15.85	5258961
87034206	7	15.88	5258961
87162310	7	15.91	5258961
87312249	7	15.93	5258961
87445984	7	15.96	5258961
87565567	7	15.98	5258961
87643782	7	15.99	5258961
87806544	7	16.02	5258961
87946501	7	16.05	5258961
87946501	7	16.05	5258961
88150398	7	16.09	5258961
88307111	7	16.11	5258961
88400236	7	16.13	5258961
88506762	7	16.15	5258961
88545050	7	16.16	5258961
88573766	7	16.16	5258961
88802897	7	16.20	5258961
88802897	7	16.20	5258961
88843221	7	16.21	5258961
88898294	7	16.22	5258961
89100457	7	16.26	5258961
89118699	7	16.26	5258961
89292080	7	16.29	5258961
89385308	7	16.31	5258961
89439126	7	16.32	5258961
89548025	7	16.34	5258961
89774216	7	16.38	5258961
89889461	7	16.40	5258961
89913637	7	16.41	5258961
89921802	7	16.41	5258961
90107165	7	16.44	5258961
90241627	7	16.47	5258961
90328282	7	16.48	5258961
90537285	7	16.52	5258961
90537285	7	16.52	5258961
90668864	7	16.55	5258961
90700652	7	16.55	5258961
90718941	7	16.55	5258961
90820866	7	16.57	5258961
91031113	7	16.61	5258961
91052347	7	16.62	5258961
91215145	7	16.65	5258961
91290966	7	16.66	5258961
91454719	7	16.69	5258961
91618211	7	16.72	5258961
91740329	7	16.74	5258961
91890566	7	16.77	5258961
92061987	7	16.80	5258961
92227482	7	16.83	5258961
92353340	7	16.85	5258961
92353340	7	16.85	5258961
92450822	7	16.87	5258961
92683364	7	16.91	5258961
92766982	7	16.93	5258961
92865933	7	16.95	5258961
92929146	7	16.96	5258961
93110434	7	16.99	5258961
93151138	7	17.00	5258961
93281729	7	17.02	5258961
93367630	7	17.04	5258961
93459308	7	17.05	5258961
93653648	7	17.09	5258961
93888374	7	17.13	5258961
93931199	7	17.14	5258961
94026649	7	17.16	5258961
94113909	7	17.17	5258961
94138986	7	17.18	5258961
94347050	7	17.22	5258961
94364194	7	17.22	5258961
94552792	7	17.25	5258961
94574671	7	17.26	5258961
94723654	7	17.29	5258961
94756776	7	17.29	5258961
94931665	7	17.32	5258961
95006398	7	17.34	5258961
95130224	7	17.36	5258961
95271018	7	17.39	5258961
95291122	7	17.39	5258961
95388732	7	17.41	5258961
95466127	7	17.42	5258961
95724317	7	17.47	5258961
95764250	7	17.48	5258961
95823491	7	17.49	5258961
95871989	7	17.49	5258961
96044515	7	17.53	5258961
96257276	7	17.57	5258961
96296173	7	17.57	5258961
96338517	7	17.58	5258961
96496419	7	17.61	5258961
96543524	7	17.62	5258961
96553865	7	17.62	5258961
96902781	7	17.68	5258961
96902781	7	17.68	5258961
97048354	7	17.71	5258961
97128132	7	17.72	5258961
97157890	7	17.73	5258961
97201158	7	17.74	5258961
97344777	7	17.76	5258961
97370803	7	17.77	5258961
97461856	7	17.79	5258961
97653168	7	17.82	5258961
97718550	7	17.83	5258961
97845122	7	17.85	5258961
97914285	7	17.87	5258961
98088753	7	17.90	5258961
98109415	7	17.90	5258961
98339271	7	17.95	5258961
98349609	7	17.95	5258961
98441206	7	17.96	5258961
98547974	7	17.98	5258961
98583180	7	17.99	5258961
98765333	7	18.02	5258961
98799721	7	18.03	5258961
98839509	7	18.04	5258961
98942286	7	18.06	5258961
99064269	7	18.08	5258961
99129280	7	18.09	5258961
99274087	7	18.12	5258961
99391276	7	18.14	5258961
99447085	7	18.15	5258961
99506477	7	18.16	5258961
99766996	7	18.21	5258961
99901512	7	18.23	5258961
99989248	7	18.25	5258961
100066257	7	18.26	5258961
100201986	7	18.29	5258961
100298927	7	18.30	5258961
100377444	7	18.32	5258961
100605608	7	18.36	5258961
100734707	7	18.38	5258961
100825701	7	18.40	5258961
100968617	7	18.42	5258961
101133078	7	18.45	5258961
101287458	7	18.48	5258961
101426655	7	18.51	5258961
101561718	7	18.53	5258961
101569744	7	18.53	5258961
101738840	7	18.57	5258961
101874976	7	18.59	5258961
101970657	7	18.61	5258961
102150866	7	18.64	5258961
102197553	7	18.65	5258961
102296782	7	18.67	5258961
102447235	7	18.69	5258961
102447235	7	18.69	5258961
102482790	7	18.70	5258961
102625020	7	18.73	5258961
102757351	7	18.75	5258961
102792370	7	18.76	5258961
102999450	7	18.80	5258961
103107705	7	18.82	5258961
103228123	7	18.84	5258961
103298305	7	18.85	5258961
103298305	7	18.85	5258961
103631137	7	18.91	5258961
103814752	7	18.94	5258961
103896315	7	18.96	5258961
103972034	7	18.97	5258961
103972034	7	18.97	5258961
104008318	7	18.98	5258961
104080443	7	18.99	5258961
104269919	7	19.03	5258961
104307958	7	19.03	5258961
104467747	7	19.06	5258961
104508555	7	19.07	5258961
104575959	7	19.08	5258961
104673199	7	19.10	5258961
104816502	7	19.13	5258961
104988324	7	19.16	5258961
105037221	7	19.17	5258961
105216780	7	19.20	5258961
105238874	7	19.20	5258961
105264903	7	19.21	5258961
105340614	7	19.22	5258961
105402404	7	19.23	5258961
105542849	7	19.26	5258961
105649523	7	19.28	5258961
105695986	7	19.29	5258961
105751461	7	19.30	5258961
105893917	7	19.32	5258961
106023948	7	19.35	5258961
106135362	7	19.37	5258961
106213956	7	19.38	5258961
106277517	7	19.39	5258961
106436417	7	19.42	5258961
106591573	7	19.45	5258963
106703558	7	19.47	5258963
106767147	7	19.48	5258963
106873871	7	19.50	5258963
107026113	7	19.53	5258963
107121933	7	19.55	5258963
107225316	7	19.57	5258963
107280866	7	19.58	5258963
107390488	7	19.60	5258963
107425985	7	19.60	5258963
107546751	7	19.63	5258963
107710984	7	19.66	5258963
107748872	7	19.66	5258963
107802685	7	19.67	5258963
107982375	7	19.70	5258963
108056074	7	19.72	5258963
108254581	7	19.75	5258963
108365349	7	19.77	5258963
108547406	7	19.81	5258963
108642029	7	19.83	5258963
108739608	7	19.84	5258963
108925856	7	19.88	5258963
108981816	7	19.89	5258963
109024123	7	19.89	5258963
109167209	7	19.92	5258963
109275479	7	19.94	5258963
109386840	7	19.96	5258963
109500407	7	19.98	5258963
109602091	7	20.00	5258963
109722187	7	20.02	5258963
109757725	7	20.03	5258963
109927375	7	20.06	5258963
110069167	7	20.09	5258963
110143433	7	20.10	5258963
110172257	7	20.10	5258963
110235852	7	20.12	5258963
110419333	7	20.15	5258963
110577318	7	20.18	5258963
110717081	7	20.20	5258963
110717081	7	20.20	5258963
110824356	7	20.22	5258963
110830188	7	20.22	5258963
110970094	7	20.25	5258963
111116494	7	20.28	5258963
111213809	7	20.29	5258963
111385353	7	20.33	5258963
111514167	7	20.35	5258963
111560578	7	20.36	5258963
111684283	7	20.38	5258963
111912139	7	20.42	5258963
112065714	7	20.45	5258963
112206632	7	20.48	5258963
112279471	7	20.49	5258963
112467249	7	20.52	5258963
112611228	7	20.55	5258963
112790481	7	20.58	5258963
112925357	7	20.61	5258963
113071108	7	20.63	5258963
113149627	7	20.65	5258963
113245150	7	20.67	5258963
113281118	7	20.67	5258963
113425709	7	20.70	5258963
113475921	7	20.71	5258963
113614933	7	20.73	5258963
113743582	7	20.76	5258963
113919082	7	20.79	5258963
114004371	7	20.80	5258963
114064037	7	20.81	5258963
114170887	7	20.83	5258963
114196558	7	20.84	5258963
114415764	7	20.88	5258963
114527178	7	20.90	5258963
114647417	7	20.92	5258963
114795905	7	20.95	5258963
114979149	7	20.98	5258963
115052149	7	20.99	5258963
115340911	7	21.05	5258963
115418885	7	21.06	5258963
115494758	7	21.08	5258963
115607745	7	21.10	5258963
115773880	7	21.13	5258963
115842511	7	21.14	5258963
115937965	7	21.16	5258963
116082414	7	21.18	5258963
116117816	7	21.19	5258963
116207567	7	21.21	5258963
116271643	7	21.22	5258963
116347596	7	21.23	5258963
116452661	7	21.25	5258963
116521163	7	21.26	5258963
116644820	7	21.29	5258963
116668802	7	21.29	5258963
116876224	7	21.33	5258963
116957886	7	21.34	5258963
117120899	7	21.37	5258963
117195273	7	21.39	5258963
117322548	7	21.41	5258963
117529380	7	21.45	5258963
117561481	7	21.45	5258963
117717375	7	21.48	5258963
117835383	7	21.50	5258963
118055768	7	21.54	5258963
118186852	7	21.57	5258963
118186852	7	21.57	5258963
118294514	7	21.59	5258963
118392514	7	21.60	5258963
118392514	7	21.60	5258963
118580803	7	21.64	5258963
118751145	7	21.67	5258963
118919077	7	21.70	5258963
119013232	7	21.72	5258963
119152194	7	21.74	5258963
119327005	7	21.78	5258963
119440230	7	21.80	5258963
119687348	7	21.84	5258963
119873018	7	21.87	5258963
119938670	7	21.89	5258963
119938670	7	21.89	5258963
120127764	7	21.92	5258963
120127764	7	21.92	5258963
120278835	7	21.95	5258963
120278835	7	21.95	5258963
120423022	7	21.98	5258963
120549764	7	22.00	5258963
120563318	7	22.00	5258963
120745077	7	22.03	5258963
120858437	7	22.05	5258963
121012440	7	22.08	5258963
121032791	7	22.09	5258963
121235725	7	22.12	5258963
121252811	7	22.13	5258963
121493507	7	22.17	5258963
121582115	7	22.19	5258963
121663836	7	22.20	5258963
121778726	7	22.22	5258963
121856604	7	22.24	5258963
121979935	7	22.26	5258963
122074052	7	22.28	5258963
122215283	7	22.30	5258963
122254970	7	22.31	5258963
122293755	7	22.32	5258963
122465707	7	22.35	5258963
122499168	7	22.35	5258963
122603201	7	22.37	5258963
122762055	7	22.40	5258963
122881419	7	22.42	5258963
122973148	7	22.44	5258963
123039211	7	22.45	5258963
123110404	7	22.47	5258963
123264469	7	22.49	5258963
123380831	7	22.51	5258963
123479877	7	22.53	5258963
123530744	7	22.54	5258963
123709529	7	22.57	5258963
123845475	7	22.60	5258963
124003185	7	22.63	5258963
124092798	7	22.64	5258963
124325747	7	22.69	5258963
124325747	7	22.69	5258963
124493757	7	22.72	5258963
124623872	7	22.74	5258963
124730384	7	22.76	5258963
124769545	7	22.77	5258963
124980026	7	22.81	5258963
125097339	7	22.83	5258963
125210986	7	22.85	5258963
125405200	7	22.88	5258963
125481190	7	22.90	5258963
125564325	7	22.91	5258963
125586262	7	22.92	5258963
125815351	7	22.96	5258963
125904174	7	22.98	5258963
126012542	7	22.99	5258963
126127611	7	23.02	5258963
126300516	7	23.05	5258963
126357933	7	23.06	5258963
126484498	7	23.08	5258963
126636915	7	23.11	5258963
126669600	7	23.11	5258963
126711717	7	23.12	5258963
126842264	7	23.15	5258963
126904144	7	23.16	5258963
127044826	7	23.18	5258963
127079761	7	23.19	5258963
127236123	7	23.22	5258963
127314656	7	23.23	5258963
127339111	7	23.24	5258963
127580805	7	23.28	5258963
127680867	7	23.30	5258963
127718134	7	23.31	5258963
127827120	7	23.33	5258963
127971304	7	23.35	5258963
127985197	7	23.35	5258963
128227619	7	23.40	5258963
128253132	7	23.40	5258963
128417198	7	23.43	5258963
128541057	7	23.46	5258963
128604838	7	23.47	5258963
128749707	7	23.49	5258963
128898532	7	23.52	5258963
128926832	7	23.53	5258963
129092205	7	23.56	5258963
129181043	7	23.57	5258963
129261085	7	23.59	5258963
129372351	7	23.61	5258963
129466806	7	23.63	5258963
129605511	7	23.65	5258963
129769734	7	23.68	5258963
130060709	7	23.73	5258963
130093792	7	23.74	5258963
130198003	7	23.76	5258963
130220812	7	23.76	5258963
130357729	7	23.79	5258963
130357729	7	23.79	5258963
130457892	7	23.81	5258963
130461552	7	23.81	5258963
130525636	7	23.82	5258963
130644781	7	23.84	5258963
130810505	7	23.87	5258963
130810505	7	23.87	5258963
130964446	7	23.90	5258963
130964446	7	23.90	5258963
131058681	7	23.92	5258963
131278600	7	23.96	5258963
131378771	7	23.97	5258963
131445476	7	23.99	5258963
131558914	7	24.01	5258963
131591715	7	24.01	5258963
131742539	7	24.04	5258963
131847027	7	24.06	5258963
131903850	7	24.07	5258963
131976481	7	24.08	5258963
132216146	7	24.13	5258963
132417050	7	24.16	5258963
132513474	7	24.18	5258963
132611978	7	24.20	5258963
132724179	7	24.22	5258963
132833707	7	24.24	5258963
132947637	7	24.26	5258963
133048217	7	24.28	5258963
133190188	7	24.30	5258963
133286937	7	24.32	5258963
133309835	7	24.33	5258963
133468445	7	24.36	5258963
133537593	7	24.37	5258963
133612705	7	24.38	5258963
133705895	7	24.40	5258963
133742422	7	24.41	5258963
133806510	7	24.42	5258963
133844063	7	24.42	5258963
133905612	7	24.44	5258963
134054581	7	24.46	5258963
134088868	7	24.47	5258963
134211051	7	24.49	5258963
134327548	7	24.51	5258963
134476144	7	24.54	5258963
134594350	7	24.56	5258963
134759640	7	24.59	5258963
134794843	7	24.60	5258963
135009485	7	24.64	5258963
135145406	7	24.66	5258963
135171464	7	24.67	5258963
135339966	7	24.70	5258963
135339966	7	24.70	5258963
135500545	7	24.73	5258963
135628632	7	24.75	5258963
135754647	7	24.77	5258963
135817290	7	24.78	5258963
135971851	7	24.81	5258963
136074390	7	24.83	5258963
136184507	7	24.85	5258963
136212633	7	24.86	5258963
136371782	7	24.89	5258963
136394722	7	24.89	5258963
136520514	7	24.91	5258963
136615490	7	24.93	5258963
136737222	7	24.95	5258963
136827052	7	24.97	5258963
136906161	7	24.98	5258963
137030158	7	25.01	5258963
137113350	7	25.02	5258963
137311214	7	25.06	5258963
137544618	7	25.10	5258963
137616572	7	25.11	5258963
137755060	7	25.14	5258963
137907714	7	25.17	5258963
137907714	7	25.17	5258963
138005204	7	25.18	5258963
138108428	7	25.20	5258963
138242394	7	25.23	5258963
138371928	7	25.25	5258963
138505791	7	25.27	5258963
138639990	7	25.30	5258963
138692694	7	25.31	5258963
138763964	7	25.32	5258963
138814849	7	25.33	5258963
139044244	7	25.37	5258963
139123214	7	25.39	5258963
139177465	7	25.40	5258963
139177465	7	25.40	5258963
139348479	7	25.43	5258963
139375925	7	25.43	5258963
139615256	7	25.48	5258963
139726464	7	25.50	5258963
139942828	7	25.54	5258963
139955408	7	25.54	5258963
140160179	7	25.58	5258963
140195173	7	25.58	5258963
140468381	7	25.63	5258963
140589044	7	25.65	5258963
140667640	7	25.67	5258963
140727243	7	25.68	5258963
140826114	7	25.70	5258963
140978979	7	25.73	5258963
141075093	7	25.74	5258963
141075093	7	25.74	5258963
141107440	7	25.75	5258963
141199445	7	25.77	5258963
141311641	7	25.79	5258963
141498823	7	25.82	5258963
141651941	7	25.85	5258963
141820844	7	25.88	5258963
141842433	7	25.88	5258963
142022535	7	25.92	5258963
142074620	7	25.93	5258963
142197489	7	25.95	5258963
142409538	7	25.99	5258963
142559433	7	26.01	5258963
142613475	7	26.02	5258963
142739610	7	26.05	5258963
142947452	7	26.09	5258963
142963678	7	26.09	5258963
143117293	7	26.12	5258963
143210154	7	26.13	5258963
143454301	7	26.18	5258963
143454301	7	26.18	5258963
143607156	7	26.21	5258963
143607156	7	26.21	5258963
143738512	7	26.23	5258963
143811104	7	26.24	5258963
143966152	7	26.27	5258963
144102490	7	26.30	5258963
144293319	7	26.33	5258963
144449909	7	26.36	5258963
144575434	7	26.38	5258963
144712655	7	26.41	5258963
144846074	7	26.43	5258963
144846074	7	26.43	5258963
144981014	7	26.46	5258963
145188066	7	26.49	5258963
145216231	7	26.50	5258963
145395679	7	26.53	5258963
145407541	7	26.53	5258963
145600023	7	26.57	5258963
145749939	7	26.60	5258963
145760812	7	26.60	5258963
145819055	7	26.61	5258963
145924120	7	26.63	5258963
145993764	7	26.64	5258963
146106297	7	26.66	5258963
146261666	7	26.69	5258963
146300453	7	26.70	5258963
146492560	7	26.73	5258963
146622921	7	26.76	5258963
146675232	7	26.77	5258963
146675232	7	26.77	5258963
146822530	7	26.79	5258963
146934585	7	26.81	5258963
147085007	7	26.84	5258963
147268170	7	26.87	5258963
147268170	7	26.87	5258963
147282914	7	26.88	5258963
147435138	7	26.90	5258963
147560674	7	26.93	5258963
147576622	7	26.93	5258963
147748498	7	26.96	5258963
147910521	7	26.99	5258963
147938225	7	27.00	5258963
147960638	7	27.00	5258963
148080490	7	27.02	5258963
148080490	7	27.02	5258963
148181037	7	27.04	5258963
148333811	7	27.07	5258963
148637819	7	27.12	5258963
148741520	7	27.14	5258963
148755677	7	27.15	5258963
148879470	7	27.17	5258963
148966678	7	27.18	5258963
149058858	7	27.20	5258963
149115993	7	27.21	5258963
149259155	7	27.24	5258963
149377749	7	27.26	5258963
149564900	7	27.29	5258963
149705483	7	27.32	5258963
149870442	7	27.35	5258963
150101120	7	27.39	5258963
150119342	7	27.39	5258963
150201821	7	27.41	5258963
150301744	7	27.43	5258963
150428640	7	27.45	5258963
150501969	7	27.46	5258963
150583637	7	27.48	5258963
150628796	7	27.49	5258963
150821684	7	27.52	5258963
150858196	7	27.53	5258963
151087812	7	27.57	5258963
151087812	7	27.57	5258963
151134374	7	27.58	5258963
151222291	7	27.60	5258963
151455490	7	27.64	5258963
151592489	7	27.66	5258963
151772617	7	27.70	5258963
151820565	7	27.70	5258963
152009529	7	27.74	5258963
152009529	7	27.74	5258963
152316166	7	27.79	5258963
152426804	7	27.82	5258963
152511571	7	27.83	5258963
152694843	7	27.86	5258963
152788303	7	27.88	5258963
152822593	7	27.89	5258963
153000640	7	27.92	5258963
153134504	7	27.94	5258963
153245010	7	27.96	5258963
153329695	7	27.98	5258963
153456248	7	28.00	5258963
153608543	7	28.03	5258963
153817319	7	28.07	5258963
153907317	7	28.09	5258963
153994199	7	28.10	5258963
154128390	7	28.13	5258963
154167435	7	28.13	5258963
154264868	7	28.15	5258963
154310919	7	28.16	5258963
154597964	7	28.21	5258963
154597964	7	28.21	5258963
154781780	7	28.24	5258963
154838599	7	28.26	5258963
155006765	7	28.29	5258963
155033070	7	28.29	5258963
155258394	7	28.33	5258963
155294550	7	28.34	5258963
155389519	7	28.36	5258963
155488032	7	28.37	5258963
155649850	7	28.40	5258963
155813496	7	28.43	5258963
155869506	7	28.44	5258963
156046660	7	28.48	5258963
156133286	7	28.49	5258963
156221854	7	28.51	5258963
156388420	7	28.54	5258963
156439417	7	28.55	5258963
156509091	7	28.56	5258963
156597982	7	28.58	5258963
156738302	7	28.60	5258963
156843573	7	28.62	5258963
156949984	7	28.64	5258963
157138839	7	28.67	5258963
157159154	7	28.68	5258963
157319315	7	28.71	5258963
157328489	7	28.71	5258963
157370496	7	28.72	5258963
157596108	7	28.76	5258963
157808743	7	28.80	5258963
157941126	7	28.82	5258963
157977185	7	28.83	5258963
158148734	7	28.86	5258963
158284705	7	28.88	5258963
158381332	7	28.90	5258963
158510485	7	28.93	5258963
158550646	7	28.93	5258963
158653166	7	28.95	5258963
158888609	7	28.99	5258963
159023502	7	29.02	5258963
159176248	7	29.05	5258963
159262502	7	29.06	5258963
159262502	7	29.06	5258963
159376943	7	29.08	5258963
159386146	7	29.09	5258963
159599868	7	29.12	5258963
159620977	7	29.13	5258963
159687448	7	29.14	5258963
159821576	7	29.16	5258963
159950460	7	29.19	5258963
160000013	7	29.20	5258963
160151202	7	29.22	5258963
160197452	7	29.23	5258963
160346437	7	29.26	5258963
160489623	7	29.29	5258963
160608209	7	29.31	5258963
160646623	7	29.32	5258963
160699679	7	29.32	5258963
160947111	7	29.37	5258963
161063251	7	29.39	5258963
161117174	7	29.40	5258963
161302328	7	29.43	5258963
161319678	7	29.44	5258963
161422010	7	29.46	5258963
161596569	7	29.49	5258963
161717539	7	29.51	5258963
161805453	7	29.53	5258963
161896206	7	29.54	5258963
161925526	7	29.55	5258963
162112925	7	29.58	5258963
162194460	7	29.60	5258963
162201338	7	29.60	5258963
162272828	7	29.61	5258963
162489752	7	29.65	5258963
162489752	7	29.65	5258963
162528478	7	29.66	5258963
162787782	7	29.71	5258963
162816464	7	29.71	5258963
162948460	7	29.74	5258963
163228256	7	29.79	5258963
163377544	7	29.81	5258963
163405395	7	29.82	5258963
163480105	7	29.83	5258963
163518500	7	29.84	5258963
163615538	7	29.86	5258963
163747481	7	29.88	5258963
163871163	7	29.90	5258963
163996377	7	29.93	5258963
164151179	7	29.95	5258963
164198507	7	29.96	5258963
164404980	7	30.00	5258963
164513529	7	30.02	5258963
164571585	7	30.03	5258963
164578639	7	30.03	5258963
164851334	7	30.08	5258963
164910398	7	30.09	5258963
165002562	7	30.11	5258963
165217079	7	30.15	5258963
165295350	7	30.16	5258963
165391511	7	30.18	5258963
165454911	7	30.19	5258963
165588325	7	30.22	5258963
165641257	7	30.23	5258963
165818391	7	30.26	5258963
165986293	7	30.29	5258963
166152361	7	30.32	5258963
166152361	7	30.32	5258963
166168838	7	30.32	5258963
166315740	7	30.35	5258963
166417855	7	30.37	5258963
166607632	7	30.40	5258963
166701157	7	30.42	5258963
166806334	7	30.44	5258963
166904544	7	30.46	5258963
167013742	7	30.48	5258963
167161046	7	30.50	5258963
167297262	7	30.53	5258963
167426704	7	30.55	5258963
167507282	7	30.57	5258963
167583489	7	30.58	5258963
167754517	7	30.61	5258963
167857353	7	30.63	5258963
168031571	7	30.66	5258963
168110129	7	30.68	5258963
168127072	7	30.68	5258963
168278644	7	30.71	5258963
168461078	7	30.74	5258963
168644975	7	30.77	5258963
168644975	7	30.77	5258963
168764657	7	30.80	5258963
168951665	7	30.83	5258963
168963338	7	30.83	5258963
169188833	7	30.87	5258963
169339778	7	30.90	5258963
169498751	7	30.93	5258963
169729621	7	30.97	5258963
169821406	7	30.99	5258963
169833300	7	30.99	5258963
170096164	7	31.04	5258963
170288621	7	31.07	5258963
170310624	7	31.08	5258963
170355310	7	31.09	5258963
170459386	7	31.11	5258963
170619250	7	31.13	5258963
170619250	7	31.13	5258963
170925761	7	31.19	5258963
171039988	7	31.21	5258963
171060243	7	31.22	5258963
171242794	7	31.25	5258963
171312015	7	31.26	5258963
171395334	7	31.28	5258963
171528619	7	31.30	5258963
171647583	7	31.32	5258963
171776475	7	31.35	5258963
171891930	7	31.37	5258963
171984839	7	31.38	5258963
172031943	7	31.39	5258963
172173770	7	31.42	5258963
172317623	7	31.44	5258963
172513470	7	31.48	5258963
172551128	7	31.49	5258963
172688053	7	31.51	5258963
172764213	7	31.53	5258963
172905570	7	31.55	5258963
172905570	7	31.55	5258963
173050719	7	31.58	5258963
173199350	7	31.61	5258963
173456868	7	31.65	5258963
173470195	7	31.66	5258963
173537188	7	31.67	5258963
173761640	7	31.71	5258963
173918056	7	31.74	5258963
174040068	7	31.76	5258963
174172026	7	31.78	5258963
174248717	7	31.80	5258963
174389023	7	31.82	5258963
174599933	7	31.86	5258963
174720799	7	31.88	5258963
174837013	7	31.90	5258963
174939202	7	31.92	5258963
175076121	7	31.95	5258963
175186413	7	31.97	5258963
175212976	7	31.97	5258963
175336444	7	32.00	5258963
175566189	7	32.04	5258963
175675870	7	32.06	5258963
175803177	7	32.08	5258963
175870368	7	32.09	5258963
175893489	7	32.10	5258963
176011664	7	32.12	5258963
176119657	7	32.14	5258963
176119657	7	32.14	5258963
176158469	7	32.15	5258963
176357549	7	32.18	5258963
176395946	7	32.19	5258963
176494448	7	32.21	5258963
176562428	7	32.22	5258963
176675441	7	32.24	5258963
176839528	7	32.27	5258963
176976341	7	32.29	5258963
177039413	7	32.31	5258963
177041794	7	32.31	5258963
177248109	7	32.34	5258963
177274009	7	32.35	5258963
177464118	7	32.38	5258963
177498601	7	32.39	5258963
177564568	7	32.40	5258963
177723102	7	32.43	5258963
177818467	7	32.45	5258963
177953023	7	32.47	5258963
178053355	7	32.49	5258963
178157473	7	32.51	5258963
178281980	7	32.53	5258963
178476377	7	32.57	5258963
178505917	7	32.57	5258963
178649313	7	32.60	5258963
178793167	7	32.63	5258963
178895669	7	32.65	5258963
178901061	7	32.65	5258963
178977172	7	32.66	5258963
179018163	7	32.67	5258963
179041497	7	32.67	5258963
179402251	7	32.74	5258963
179495945	7	32.75	5258963
179639104	7	32.78	5258963
179770089	7	32.80	5258963
179831660	7	32.82	5258963
179895840	7	32.83	5258963
179998187	7	32.85	5258963
180070462	7	32.86	5258963
180197964	7	32.88	5258963
180260903	7	32.89	5258963
180260903	7	32.89	5262779
